fips,sci
01001,0.46524509950216897
01003,0.4496727588789221
01005,0.3246585742389201
01007,0.33354262872161655
01009,0.40352479671027064
01011,0.2849946965548401
01013,0.3557937830324961
01015,0.43993456183476465
01017,0.39332656133391714
01019,0.37126153320959837
01021,0.4085304423208002
01023,0.31838663136820833
01025,0.3160742401508741
01027,0.36783306316675135
01029,0.36591870741613275
01031,0.46413320705711225
01033,0.40167504761231687
01035,0.2672291246113584
01037,0.3209608680680187
01039,0.38069105502524053
01041,0.2992774183259468
01043,0.4267015759127135
01045,0.47550066375205596
01047,0.3788600713303599
01049,0.4052231849314111
01051,0.4456167436904579
01053,0.33472604291142843
01055,0.4172674596774916
01057,0.3560019378022766
01059,0.2991588699511064
01061,0.3678255769784523
01063,0.25342606235921733
01065,0.3199112344941215
01067,0.3879457866895127
01069,0.43573175260832453
01071,0.401321420999882
01073,0.49064009654639457
01075,0.320664547140039
01077,0.4416907213820852
01079,0.3412077892872004
01081,0.5144286008861179
01083,0.4563821367225812
01085,0.2736376682398217
01087,0.362287368625715
01089,0.5257926901176018
01091,0.3652839742359576
01093,0.35693627246971465
01095,0.4495495930004675
01097,0.4442174283236009
01099,0.24264196581280853
01101,0.49297937168657446
01103,0.4308988607980192
01105,0.2723780688133749
01107,0.3480611887346339
01109,0.4457171417848611
01111,0.39174770325392366
01113,0.443468776705896
01115,0.4423144374404502
01117,0.4849811795469664
01119,0.4036897166102469
01121,0.4292236733628346
01123,0.4048858867727393
01125,0.5014925019859731
01127,0.4052437423845248
01129,0.3072452888995526
01131,0.3324325017201696
01133,0.37910059686907294
02013,0.19006048583207563
02016,0.20975737002004546
02020,0.5326901394568915
02050,0.38816633248990684
02060,0.4004779088411045
02063,0.4796812503191275
02066,0.35615705071452014
02068,0.24654827061605125
02070,0.397398447378698
02090,0.537560499634116
02100,0.4222988646119006
02105,0.219723140796165
02110,0.5327916241296846
02122,0.4536767033012878
02130,0.4839770464308947
02150,0.46738257992876353
02158,0.4342412715888811
02164,0.3683270211213634
02170,0.4873797189859196
02180,0.4282799408874135
02185,0.2517867565968933
02188,0.38752645800969193
02195,0.37219924724100983
02198,0.3543392306445195
02220,0.49188493230115815
02230,0.3544529559408014
02240,0.33937139968938174
02275,0.3878213850600648
02282,0.4792676303785525
02290,0.26489174144343286
04001,0.21604698430419103
04003,0.45962874192095393
04005,0.48942022207803315
04007,0.3700433821220502
04009,0.40839499726967915
04011,0.4677230411897023
04012,0.4187902252297234
04013,0.503530257726025
04015,0.44408404769204785
04017,0.33723322936434064
04019,0.5167062420592938
04021,0.4357669721163088
04023,0.4188737020722094
04025,0.463082539315972
04027,0.4662267412486149
05001,0.37330642558124205
05003,0.3555297105771412
05005,0.4380649442340273
05007,0.47319706211585005
05009,0.47119776988755085
05011,0.35416976755813057
05013,0.2904165222155679
05015,0.38754278503690376
05017,0.35011968527733534
05019,0.47917165892743235
05021,0.4199324890260554
05023,0.42972390333323357
05025,0.33953412046631876
05027,0.3845829437798405
05029,0.4190737603331447
05031,0.5029809277475146
05033,0.42277915407796185
05035,0.48763197804713193
05037,0.40634647208445784
05039,0.29279943335260417
05041,0.38835031465401215
05043,0.44437785647475064
05045,0.5291080744740592
05047,0.37987398834724884
05049,0.23269236423146528
05051,0.4434753995048934
05053,0.43221443225099215
05055,0.46830252740865663
05057,0.39779611219371025
05059,0.3600005490316896
05061,0.4391492418341374
05063,0.3422173789316635
05065,0.18981331412138813
05067,0.3707194119634073
05069,0.3569219291632141
05071,0.37914646472979696
05073,0.3161090945861332
05075,0.4220994243041745
05077,0.30298832380204305
05079,0.20938590752397146
05081,0.38847514604459554
05083,0.3855300008392384
05085,0.472209935101201
05087,0.3937931528374614
05089,0.4058118948671898
05091,0.4240776732604656
05093,0.45206336652003876
05095,0.35030006170047534
05097,0.3603963724276992
05099,0.33322808224595785
05101,0.3078369761554339
05103,0.3864893309115188
05105,0.3601078136975441
05107,0.377190496574249
05109,0.3882610247458904
05111,0.4223811776500318
05113,0.3996553992977782
05115,0.45689270925845427
05117,0.3437910233093766
05119,0.5096921978214283
05121,0.3962082600629276
05123,0.3420375367004935
05125,0.47762252707462377
05127,0.3674879147807526
05129,0.28689901883699137
05131,0.4775828302705911
05133,0.4211207754273706
05135,0.28473074497802053
05137,0.20852055139291253
05139,0.3541936858225665
05141,0.3708686790089818
05143,0.5287862864927335
05145,0.4524571875681785
05147,0.3115982817578469
05149,0.396996059574554
06001,0.4696017973340379
06003,0.3274490909051132
06005,0.40019957695400293
06007,0.5229563600799028
06009,0.37018936634957506
06011,0.41367603008318277
06013,0.46324880303086813
06015,0.42830608761282246
06017,0.45295026951702966
06019,0.44465229088738295
06021,0.43813298395269507
06023,0.4939789818106449
06025,0.37951527646739414
06027,0.45513195782628546
06029,0.4479208724356768
06031,0.42339015511838063
06033,0.4197052072869282
06035,0.34256990116376784
06037,0.44479560592476713
06039,0.3968847980394159
06041,0.4728854746161726
06043,0.42801035086804406
06045,0.41271295921510354
06047,0.4571224926284081
06049,0.36657615200834504
06051,0.5140741436317714
06053,0.42593153308446624
06055,0.4376589506539137
06057,0.4352962157041748
06059,0.4480369006758298
06061,0.4685421205687163
06063,0.4136124999456438
06065,0.4298451563420499
06067,0.49142693874347587
06069,0.4321913298547144
06071,0.4383120569777384
06073,0.4874474189966049
06075,0.5451174899592263
06077,0.42812934336923836
06079,0.48597326216890124
06081,0.4577584258535049
06083,0.4814386379622276
06085,0.4665260913139301
06087,0.4708555543680715
06089,0.46955888500864984
06091,0.3446804935451349
06093,0.4419429848124196
06095,0.45792920142689036
06097,0.4803785034616601
06099,0.45138243194697614
06101,0.44242766832728386
06103,0.43588426868520036
06105,0.2854960875463035
06107,0.4400612085679356
06109,0.44193150424303984
06111,0.42804739259778013
06113,0.5349036936984861
06115,0.4815878080941136
08001,0.4929622430106226
08003,0.5285786656809363
08005,0.524847426351112
08007,0.46536963206136406
08009,0.47752543399789793
08011,0.32980275730500164
08013,0.5532416973002316
08014,0.554638146016909
08015,0.44578687744716106
08017,0.48498166189181124
08019,0.5132617077117737
08021,0.44315724968960357
08023,0.3892731129848905
08025,0.26962229410147076
08027,0.3859026937580104
08029,0.3730855867960412
08031,0.6184324579647904
08033,0.3121011344745972
08035,0.5053072557634772
08037,0.48938398642378306
08039,0.42452677066165534
08041,0.542337557674845
08043,0.37743568882129414
08045,0.47736413671295885
08047,0.5667937280385283
08049,0.4490810578499939
08051,0.5637714761185395
08053,0.5806000168663753
08055,0.32312843264857316
08057,0.42968423710122017
08059,0.5346978355885175
08061,0.4893349920518213
08063,0.5260679391671214
08065,0.47659883862869634
08067,0.45874939707294804
08069,0.5615827408168925
08071,0.45494560003286083
08073,0.3564927802257004
08075,0.4569759533574971
08077,0.4992839454517499
08079,0.550794828592113
08081,0.4932827943594633
08083,0.4057907615858292
08085,0.4160050593249688
08087,0.4960190006743383
08089,0.4370810306327929
08091,0.48698121597876776
08093,0.44965904755432273
08095,0.42016828128008676
08097,0.5045139208874596
08099,0.44368683128051367
08101,0.4658697936418448
08103,0.4942317997338483
08105,0.4103587407949201
08107,0.5120383482290127
08109,0.405616170375823
08111,0.48973439274283637
08113,0.5282846555090113
08115,0.4447183228088386
08117,0.4890690287949162
08119,0.4855697843498403
08121,0.4802807685530339
08123,0.48551888532807913
08125,0.46481990992712807
09001,0.4642279926364995
09003,0.49085106478802143
09005,0.46030440468693085
09007,0.47605562664961126
09009,0.4736805502499294
09011,0.5045173890205512
09013,0.5099236676058623
09015,0.46938607208864
10001,0.4785342758949025
10003,0.5025921156175904
10005,0.4303774797530272
11001,0.6146969712850641
12001,0.5486145188210286
12003,0.37361543551757914
12005,0.49953404041891636
12007,0.3733148196076395
12009,0.4625752330033036
12011,0.4658166878684509
12013,0.3225137126853266
12015,0.4486615979618642
12017,0.43076215820594654
12019,0.4746022507080772
12021,0.44169166595260173
12023,0.43285723287550065
12027,0.34457989698907976
12029,0.33496257712370353
12031,0.5178893192080407
12033,0.49653769745277987
12035,0.36101317876947014
12037,0.3839232513669678
12039,0.3246160634172968
12041,0.3758825967436737
12043,0.309304117629952
12045,0.3750438008904508
12047,0.27583540163564546
12049,0.3424315358380955
12051,0.4126219010984193
12053,0.44874219823118633
12055,0.41214358429075815
12057,0.5079910912287655
12059,0.3735295785876166
12061,0.39617613343591085
12063,0.36574659166341966
12065,0.3504021695523802
12067,0.33023851952666416
12069,0.45453995330987085
12071,0.43824814607070184
12073,0.6017423012083352
12075,0.37185772802811473
12077,0.2896824679950619
12079,0.29553174306152047
12081,0.4334991600576451
12083,0.4402296561283489
12085,0.4430338595651888
12086,0.40144086618594144
12087,0.44328768966664694
12089,0.46541971799817694
12091,0.5167000188115374
12093,0.37718082279037063
12095,0.4713751733770843
12097,0.3954987736653822
12099,0.4508770692032355
12101,0.44947773007861436
12103,0.47299902117512704
12105,0.4007203184769768
12107,0.40313344242623994
12109,0.43178733015041254
12111,0.4379210550266927
12113,0.47048553754208433
12115,0.4683574331911968
12117,0.5091456163955712
12119,0.4583489015060422
12121,0.37189321223572935
12123,0.3333539490381924
12125,0.29279618240052374
12127,0.45585000254141333
12129,0.4014650045773247
12131,0.48281799298508443
12133,0.4007327240993884
13001,0.32493454077999384
13003,0.37991970116169754
13005,0.39094911638206
13007,0.2437137985512064
13009,0.454841114465971
13011,0.39315430862477657
13013,0.47058461013851116
13015,0.41107420184752075
13017,0.3421231200487557
13019,0.36812743122911407
13021,0.4684069055626183
13023,0.3558493898148658
13025,0.36871801491463585
13027,0.31490532036646735
13029,0.4840441896387846
13031,0.5455645333231491
13033,0.4260441001490245
13035,0.38372559709220105
13037,0.25502150650266653
13039,0.5253018040570228
13043,0.3748840397515602
13045,0.48554617082314866
13047,0.4549366807513803
13049,0.31732224766927986
13051,0.5276689480934043
13053,0.5034992496763809
13055,0.384018827674944
13057,0.4819031586327165
13059,0.6429060033240328
13061,0.4146773802063866
13063,0.49573862008724634
13065,0.2831697196801892
13067,0.5297152254165115
13069,0.4015644491189982
13071,0.38989003921751414
13073,0.40783048548902184
13075,0.3780003007409317
13077,0.47452822457259486
13079,0.34083553984389137
13081,0.3531153785260931
13083,0.4187342335133112
13085,0.4441379509227868
13087,0.3425860681234343
13089,0.5117188686616743
13091,0.28432863262210206
13093,0.2641070231431181
13095,0.47593121044168624
13097,0.46460728428237963
13099,0.2886424961966563
13101,0.25230371845804217
13103,0.4267975524262403
13105,0.3552886609699476
13107,0.42616048011510943
13109,0.41121185004747546
13111,0.45057796201581884
13113,0.44631939882589505
13115,0.4490140775111176
13117,0.4635466824716489
13119,0.3807329324644452
13121,0.5733230426314749
13123,0.4199365058065686
13125,0.27141475600587717
13127,0.43995891574410445
13129,0.3793502388041311
13131,0.41473603672570203
13133,0.3598426006618503
13135,0.4644444691505341
13137,0.38494561690542917
13139,0.4478318236514319
13141,0.17529888689734147
13143,0.4407593570585716
13145,0.40313305991486065
13147,0.3950046404530514
13149,0.3625590700680698
13151,0.4539295153805187
13153,0.5049909444483669
13155,0.38970601722858095
13157,0.43816637574641937
13159,0.36452309100568825
13161,0.36427013714969964
13163,0.38108548300417433
13165,0.3344389181188226
13167,0.32203476291974187
13169,0.4302446504050662
13171,0.42891930695406993
13173,0.3804253505724077
13175,0.36040981387430115
13177,0.462666040462015
13179,0.5757245119315711
13181,0.22443923931271653
13183,0.45048835937681947
13185,0.461188511866618
13187,0.4499347795674584
13189,0.3990415026162993
13191,0.3885868921937098
13193,0.27408979760495855
13195,0.4092160076425882
13197,0.27675356597524703
13199,0.3514400261139594
13201,0.3213566831876159
13205,0.40297010953174317
13207,0.42084981101028235
13209,0.3805362650162848
13211,0.40480301286509995
13213,0.4238550976255972
13215,0.5051008486311814
13217,0.48722184725762446
13219,0.4459329892507742
13221,0.35553648442892255
13223,0.45651696825760696
13225,0.44053579043091573
13227,0.4489923668568163
13229,0.36603626707012205
13231,0.37596376176425683
13233,0.43773897409475626
13235,0.2945967786355983
13237,0.44917345431113725
13239,0.20771004313851274
13241,0.3812551443535462
13243,0.40010990393727974
13245,0.4676036375871543
13247,0.44084134167026984
13249,0.3755993770290038
13251,0.3352759024412907
13253,0.3153337647383997
13255,0.41748863880766973
13257,0.4138032361223273
13259,0.2966358895885096
13261,0.42152052682255875
13263,0.3362002596583431
13265,0.23710668098339788
13267,0.37344797923679035
13269,0.34670008909182615
13271,0.18487040051376039
13273,0.3624167717246547
13275,0.4591866604958301
13277,0.4082763527162233
13279,0.4106624320930131
13281,0.42467990531248156
13283,0.3413690321543701
13285,0.4380391509677387
13287,0.3740796003157132
13289,0.30032094227364525
13291,0.3990857631839947
13293,0.38641893551512424
13295,0.42941234494584046
13297,0.43520221001383774
13299,0.3531746293182102
13301,0.26521227315764384
13303,0.3540322086785139
13305,0.4010705203364151
13307,0.4064270876460415
13309,0.20131291028446388
13311,0.375924873161198
13313,0.4408689441460792
13315,0.2393702002985384
13317,0.24185716323128115
13319,0.3181534352964237
13321,0.3676416795328259
15001,0.3986186945889387
15003,0.4256827389834395
15005,0.6381803524127605
15007,0.3741262260701811
15009,0.38586323218043445
16001,0.5101184657270692
16003,0.295880767686191
16005,0.5041834238643808
16007,0.44425719231455635
16009,0.37395135579508565
16011,0.45739421074005676
16013,0.457939637283739
16015,0.4297925370890876
16017,0.41804939852087764
16019,0.5074430227539892
16021,0.4179325018035665
16023,0.39142846759883604
16025,0.3223491720902897
16027,0.4819225576849071
16029,0.46694019102770873
16031,0.4701748061522747
16033,0.4367883250718038
16035,0.36266346546455885
16037,0.39135751040260647
16039,0.5402462196213764
16041,0.48403805994721194
16043,0.4153350174910674
16045,0.41217521196479073
16047,0.4040147917954797
16049,0.3638317329872312
16051,0.48589317552149225
16053,0.46191716517865256
16055,0.47616724274049826
16057,0.6058688838635893
16059,0.41957867266839655
16061,0.38311305277886076
16063,0.409935373854164
16065,0.4883706328635666
16067,0.4509285304340808
16069,0.46808610608926904
16071,0.4827740235511354
16073,0.3995392084609052
16075,0.43797972437217725
16077,0.46983773578597776
16079,0.42701288922669034
16081,0.49273607621896703
16083,0.48960711145459945
16085,0.34827692649222997
16087,0.4272249715088805
17001,0.4710175003765882
17003,0.22232818652131303
17005,0.39326165001531804
17007,0.449849849632266
17009,0.3622259392200301
17011,0.45453352514370216
17013,0.2460901028167545
17015,0.43304681961567565
17017,0.45666605695052104
17019,0.580549970333456
17021,0.4325378956479323
17023,0.45761724516980373
17025,0.4644311430067693
17027,0.45332361134432786
17029,0.5302092436945143
17031,0.4979755515327831
17033,0.4626724929826875
17035,0.4428168920886148
17037,0.5832912577710375
17039,0.4675187215252482
17041,0.4344436489881616
17043,0.4909982721218281
17045,0.47559216471700777
17047,0.45689654687468106
17049,0.5038411952048968
17051,0.36972558480882406
17053,0.4767618931986337
17055,0.4548156476185312
17057,0.4457777249925263
17059,0.3715463934059954
17061,0.3898992100270206
17063,0.49875145476692245
17065,0.3701889621519321
17067,0.42194898997370905
17069,0.33358787052580763
17071,0.40960311862592313
17073,0.4385521536842303
17075,0.44821942946939963
17077,0.5937321665207935
17079,0.4492875947125763
17081,0.4490051869366566
17083,0.39633471130282494
17085,0.47887418746620547
17087,0.29764116305973864
17089,0.464482521430706
17091,0.4457493214635296
17093,0.47275616932216336
17095,0.4317433368636784
17097,0.4735190674744583
17099,0.479210006795567
17101,0.40620148663901623
17103,0.4345349298690524
17105,0.45399217273571596
17107,0.4543006026021794
17109,0.5065146680529076
17111,0.4876736935916194
17113,0.5412184396336354
17115,0.4723875196449576
17117,0.42734026274076115
17119,0.49934054720139476
17121,0.4527154844741596
17123,0.43494589211288515
17125,0.478712742086093
17127,0.3755189901197811
17129,0.4766296030276525
17131,0.452913716109711
17133,0.47333676427070126
17135,0.4228374507872657
17137,0.42921682441644704
17139,0.4356824559223955
17141,0.45244846406738765
17143,0.5114751663461476
17145,0.4344430487418335
17147,0.4581960283148938
17149,0.41507829385310946
17151,0.24903915564709983
17153,0.265083567952007
17155,0.4288735646124687
17157,0.4214726320820954
17159,0.45656529718636735
17161,0.5125246981142282
17163,0.46454825453765025
17165,0.4300543443168783
17167,0.4950085029381123
17169,0.40658756974137367
17171,0.428838896716668
17173,0.4377631631269205
17175,0.441929149777699
17177,0.46501124827337437
17179,0.4814807438769209
17181,0.334127390231971
17183,0.4420786265019073
17185,0.42791843363290555
17187,0.4840695402104743
17189,0.4562511940163386
17191,0.4183077001403026
17193,0.40924140633812045
17195,0.45720023204937765
17197,0.4548592683191229
17199,0.4742322084265992
17201,0.4903258283920727
17203,0.4667075032989021
18001,0.43413378396550667
18003,0.5260757033592155
18005,0.5088195929882859
18007,0.4559674834271442
18009,0.4297609653116008
18011,0.5059957671734573
18013,0.41981947724518487
18015,0.41322214353666964
18017,0.43225961415601244
18019,0.4525593991976725
18021,0.45813996234539756
18023,0.43876640411500956
18025,0.34434867666449887
18027,0.4263065098514379
18029,0.4520527251544808
18031,0.45928441617888566
18033,0.46321340081330253
18035,0.5184908604618943
18037,0.4662526559154272
18039,0.46289989183267255
18041,0.44554736052992516
18043,0.4453663373606359
18045,0.4871325757025999
18047,0.4242873505403387
18049,0.45117071109857265
18051,0.45899406299061263
18053,0.45123274757288356
18055,0.4139636323751424
18057,0.5203990555553702
18059,0.5039967530464934
18061,0.37899903498937904
18063,0.4916232478926783
18065,0.41873835454378006
18067,0.4872258319405254
18069,0.4649289252951111
18071,0.4254907967749828
18073,0.44861172622982015
18075,0.4163564498700858
18077,0.41730036124841463
18079,0.4418134127285235
18081,0.4933076900996622
18083,0.4985877255526121
18085,0.4752049053413622
18087,0.37137472231867097
18089,0.46595373728288814
18091,0.459967892607004
18093,0.443033054201019
18095,0.4580987094019675
18097,0.5362461870001733
18099,0.39127542924446934
18101,0.42293976205732475
18103,0.4082673956145487
18105,0.6228875238901782
18107,0.4997281974977237
18109,0.44751124844281825
18111,0.4681686279787939
18113,0.44228525788850653
18115,0.43205312750639874
18117,0.4352244991574666
18119,0.4038120347506324
18121,0.3276261448498755
18123,0.4290845713544815
18125,0.40552455581275926
18127,0.4874256213633663
18129,0.45959063993123034
18131,0.4475595475065748
18133,0.45086480252540023
18135,0.43817213696002005
18137,0.43163214644330117
18139,0.41901204998658625
18141,0.49263395093325013
18143,0.43109693265125165
18145,0.4633197023252942
18147,0.3915376643252914
18149,0.38080072232108686
18151,0.4334198585605615
18153,0.3815932495989014
18155,0.3755218161316938
18157,0.6095444559493597
18159,0.44769548663060565
18161,0.4141266243900914
18163,0.5330636067393879
18165,0.4803653849028758
18167,0.5127208599932663
18169,0.4520457575474456
18171,0.45018135515720015
18173,0.4699376812078144
18175,0.3967884257815584
18177,0.45531017118671424
18179,0.44007737127388624
18181,0.45101445907009835
18183,0.4748916196399968
19001,0.4333954089116395
19003,0.43571079131383395
19005,0.4282196349607251
19007,0.4010716664215717
19009,0.44435959896901206
19011,0.4548703991112775
19013,0.5285497558684099
19015,0.45719818991959077
19017,0.48872683764104835
19019,0.45701595742707535
19021,0.4819577211193681
19023,0.4390114085961703
19025,0.4435554633795171
19027,0.47503963601432314
19029,0.46951462353515167
19031,0.44601754034291596
19033,0.5065278970402759
19035,0.47002565444294436
19037,0.46519789898277286
19039,0.44149912482690845
19041,0.5139849300089325
19043,0.42718765427190925
19045,0.4576402230095148
19047,0.45748359385977994
19049,0.5431295697634443
19051,0.36237081995636994
19053,0.484373055676544
19055,0.43821121684796616
19057,0.47986338226623376
19059,0.509208457508509
19061,0.5060569750810218
19063,0.4435556601133551
19065,0.44661782263610383
19067,0.4662390436753595
19069,0.4300268891357436
19071,0.42094436735023066
19073,0.48795878504147006
19075,0.4734097360740908
19077,0.4517413991931785
19079,0.4418952554107169
19081,0.45978747894979505
19083,0.4139157409214265
19085,0.4332354681235997
19087,0.41477837662900496
19089,0.44316673362371894
19091,0.47368779077671425
19093,0.4725428501829843
19095,0.4606385336206035
19097,0.44309085215752353
19099,0.4464459090595564
19101,0.4891663794080927
19103,0.6063786328967988
19105,0.43736366953301775
19107,0.44013329787126365
19109,0.46111234146715296
19111,0.4674810430711846
19113,0.5345646245451852
19115,0.4199097573760635
19117,0.41821450736969457
19119,0.4676693074549016
19121,0.4627686158356584
19123,0.48488514171137626
19125,0.4718408108550449
19127,0.44890307907097243
19129,0.43390463984466154
19131,0.487609901642642
19133,0.44528073306735605
19135,0.4187180501899589
19137,0.46458564617625653
19139,0.4862720029722285
19141,0.48042393786634174
19143,0.49238199481398115
19145,0.4317789313716255
19147,0.45196621193576303
19149,0.4906926357192404
19151,0.4718327280948512
19153,0.5354578637935935
19155,0.4594076025767678
19157,0.4747947760800618
19159,0.4129339117187439
19161,0.4505363134954968
19163,0.5030136112765575
19165,0.435580049976329
19167,0.5022593774674249
19169,0.5825159864418676
19171,0.4349633577244482
19173,0.44330189295041583
19175,0.46942855413572093
19177,0.35647008972147953
19179,0.45317613008100366
19181,0.4839553865698654
19183,0.47202342621256876
19185,0.39354904069736907
19187,0.48582400262971404
19189,0.4777921533373576
19191,0.4594528592195258
19193,0.4824766920016967
19195,0.4666057416324285
19197,0.4234890150576299
20001,0.42202000202786005
20003,0.40740407466206113
20005,0.44212514988311635
20007,0.48286593379581977
20009,0.46715167475674985
20011,0.46180570612974026
20013,0.4220344410248508
20015,0.45776281353319853
20017,0.4146227905366368
20019,0.335113955605626
20021,0.4037679459531683
20023,0.5028923179550403
20025,0.423302795758012
20027,0.4501278615303159
20029,0.45417344365594964
20031,0.4658060447183685
20033,0.45735010284374333
20035,0.4485959322769832
20037,0.5295446834408619
20039,0.4838190251744171
20041,0.4740843151100644
20043,0.4089136850875275
20045,0.6279635267850877
20047,0.4737014173837492
20049,0.35732090846503567
20051,0.5745456158643684
20053,0.4072104887175121
20055,0.478429204677279
20057,0.47340969465200405
20059,0.42862483027579124
20061,0.622476232935687
20063,0.4415002131669387
20065,0.5222414383670329
20067,0.490012363674473
20069,0.47377058684203593
20071,0.5394600983817528
20073,0.3808073859720294
20075,0.35993265641741756
20077,0.4182232079056467
20079,0.4628951422220986
20081,0.47372166937718263
20083,0.3971236402062725
20085,0.4527829056358187
20087,0.45651847395336925
20089,0.36750985476788894
20091,0.5437932715225715
20093,0.4400288078217084
20095,0.41802366276163183
20097,0.3906138864463474
20099,0.4384699499765652
20101,0.4615232432670638
20103,0.4546557089932093
20105,0.4049759968754988
20107,0.3926413937390836
20109,0.5203120843687232
20111,0.5643504670354367
20113,0.48569401035030246
20115,0.3994270175424681
20117,0.44732728421569395
20119,0.5164764468076226
20121,0.41666284678997695
20123,0.47159110252270214
20125,0.4518017704668911
20127,0.4329403695873792
20129,0.4354672364105765
20131,0.4446351385025966
20133,0.426295541279
20135,0.4253658572965858
20137,0.3909975549925987
20139,0.4405224367565113
20141,0.4749381767515252
20143,0.4273758544567484
20145,0.3881258916906002
20147,0.5016483664575241
20149,0.48854800061134485
20151,0.46701196747669327
20153,0.5008275818879392
20155,0.46700132132734484
20157,0.3835722339481018
20159,0.4567322211738464
20161,0.6533119138908989
20163,0.44881054450253804
20165,0.5171107325511806
20167,0.4789585342443313
20169,0.4943083486335186
20171,0.46841946154846725
20173,0.5196315420691767
20175,0.4981812316348593
20177,0.46999521312146375
20179,0.4772976927996153
20181,0.48117360364778594
20183,0.44336404372758176
20185,0.39939780331714086
20187,0.5016817102372351
20189,0.42103244592372424
20191,0.44174674662326324
20193,0.5350202427691481
20195,0.526687896744697
20197,0.3807617971180505
20199,0.5177458285098433
20201,0.36549404990572576
20203,0.5230428662182738
20205,0.39896331945710933
20207,0.37007306976764387
20209,0.4808079115008048
21001,0.3963294496895369
21003,0.39145427730915566
21005,0.4498411562444107
21007,0.41496539489467515
21009,0.4570065133208155
21011,0.41710866319006623
21013,0.3674190372191382
21015,0.4825285876263745
21017,0.4522976276900477
21019,0.4388292739405142
21021,0.44294715111534666
21023,0.40001498599019336
21025,0.38581874715898523
21027,0.37986266873601526
21029,0.44706053850753913
21031,0.3622215662326752
21033,0.4452781904288742
21035,0.4879051778121626
21037,0.5156454487350121
21039,0.4380229074861103
21041,0.4052174219861133
21043,0.31559024802325486
21045,0.3753183014433997
21047,0.526953421680347
21049,0.47344100340289613
21051,0.36038786058024497
21053,0.353637812810886
21055,0.36004127788775075
21057,0.3723898832171886
21059,0.49490042770136167
21061,0.4280467576228413
21063,0.24804254376631102
21065,0.36638341017463977
21067,0.5788596086704059
21069,0.40890195064700463
21071,0.39452395703698245
21073,0.4976734625501128
21075,0.39020648937065344
21077,0.3956806563621803
21079,0.4231405778469901
21081,0.4539495706413812
21083,0.43783062771034875
21085,0.35350461894354956
21087,0.3843763740789404
21089,0.42356930775704527
21091,0.44197063443176343
21093,0.4725047592485002
21095,0.3996675763636345
21097,0.3859491980581479
21099,0.39632077530433935
21101,0.45711375759467987
21103,0.3972055853505545
21105,0.39553699633960887
21107,0.4523704392491243
21109,0.41422693159727497
21111,0.5287135947225896
21113,0.45591706661159637
21115,0.4174091010850285
21117,0.524052999898793
21119,0.34503021133280093
21121,0.3686838781761731
21123,0.4031835327905273
21125,0.4255769896297936
21127,0.31543081212644414
21129,0.32835740862874996
21131,0.35878344914891136
21133,0.39528752992126837
21135,0.3713788705590756
21137,0.4200558762806115
21139,0.3915905559465755
21141,0.4130217937833617
21143,0.3482709033489405
21145,0.47635744957716825
21147,0.3163484672896036
21149,0.4209587984217342
21151,0.5180727154480658
21153,0.3864081038124637
21155,0.437487951991546
21157,0.46194541225468055
21159,0.33726007238513944
21161,0.42218014050054287
21163,0.4376762492762971
21165,0.32609349639560686
21167,0.4274947213210942
21169,0.42395408396836487
21171,0.41718660561486387
21173,0.4553507834083308
21175,0.31581379115405567
21177,0.38518062654321156
21179,0.4807284332805615
21181,0.3589267566143914
21183,0.3954448450424269
21185,0.43038290520203404
21187,0.34962016991824496
21189,0.2761458910915211
21191,0.3695880682637171
21193,0.44204256855672663
21195,0.4251718406800687
21197,0.36664953025464386
21199,0.4141298912475805
21201,0.3371324421371455
21203,0.3792263110605749
21205,0.5346684369331873
21207,0.3945286567647444
21209,0.5144433758774072
21211,0.4499527414569815
21213,0.43342293698409035
21215,0.4246563549126029
21217,0.47127191439145627
21219,0.35208078303238
21221,0.3998856067482535
21223,0.3584881867969972
21225,0.4153058166159049
21227,0.5492465697308893
21229,0.3866116067509094
21231,0.3961390138816809
21233,0.3873326688934677
21235,0.3973575144055145
21237,0.3275863416444166
21239,0.4595798147905454
22001,0.4351914334701378
22003,0.3630570432103647
22005,0.492529480989899
22007,0.3827948994070869
22009,0.383719143899243
22011,0.4664499966001618
22013,0.38134763892501905
22015,0.4195281521429511
22017,0.4371436618595205
22019,0.4479795630565014
22021,0.3362292462174188
22023,0.41619773069180255
22025,0.33887098223637513
22027,0.2322939557440091
22029,0.3396829716369857
22031,0.40544076798495987
22033,0.5165507209117097
22035,0.265085057229113
22037,0.30856317090926905
22039,0.4139626403010296
22041,0.3214275367837889
22043,0.3221419506030893
22045,0.47117734244265863
22047,0.4118403475831318
22049,0.3747422543562102
22051,0.47337597413731247
22053,0.3958830821530075
22055,0.5302881386761364
22057,0.43713245534662193
22059,0.36224766945819614
22061,0.582544210276257
22063,0.45375203675552367
22065,0.2949358016148448
22067,0.30673401226693975
22069,0.40966218888224415
22071,0.4799760982625969
22073,0.4331118567783471
22075,0.4544298282105214
22077,0.4060274691333735
22079,0.45749038373926526
22081,0.4166827885178511
22083,0.3109249433653932
22085,0.33371173174851515
22087,0.45353907624236633
22089,0.45673529044447164
22091,0.31756730181322085
22093,0.412448012092801
22095,0.4350802620109327
22097,0.3766280090288887
22099,0.42765851338650507
22101,0.4246457519355711
22103,0.4772497678584754
22105,0.46847873833713555
22107,0.2583309497992973
22109,0.4725655885322382
22111,0.2965381750800372
22113,0.4699972340898319
22115,0.5191804753861318
22117,0.3732714253223019
22119,0.31292259717646853
22121,0.4713744411325679
22123,0.2896631717325713
22125,0.2515682453175794
22127,0.3543273813518466
23001,0.4954681282603114
23003,0.39686704363596303
23005,0.5166099167761149
23007,0.4170124416616455
23009,0.4673192845676766
23011,0.4898770502696593
23013,0.48392439014013877
23015,0.4350916790962463
23017,0.402685758335441
23019,0.4774266430383606
23021,0.39919273646549686
23023,0.5052760234335355
23025,0.4392783378909404
23027,0.48363031471216866
23029,0.4212026297434028
23031,0.4861279306663355
24001,0.4476821007576016
24003,0.5069823338835628
24005,0.486981900402614
24009,0.4546762839008047
24011,0.4346619626463669
24013,0.4493562495242064
24015,0.4620985990513332
24017,0.4586556287254081
24019,0.4402132487351305
24021,0.48108375011499876
24023,0.4401070292601404
24025,0.48515338458609736
24027,0.4919694493055438
24029,0.41909264262421225
24031,0.4858262514026944
24033,0.4719314203776441
24035,0.4294312930615505
24037,0.4748876871741481
24039,0.3923811354131299
24041,0.4677817251777375
24043,0.4429950079373616
24045,0.49714153685030593
24047,0.46273319543372116
24510,0.5046452687910041
25001,0.46972472504906065
25003,0.4709032478322167
25005,0.4689384458681737
25007,0.35465862130539594
25009,0.4730651355798508
25011,0.4786328336736693
25013,0.4718480066005244
25015,0.5071514293308367
25017,0.5150697176839802
25019,0.36000453046054137
25021,0.4965019570693434
25023,0.4551835338976115
25025,0.5610495317817394
25027,0.4793233067672319
26001,0.41239019335362026
26003,0.32138263530723155
26005,0.45291372656318035
26007,0.44008173949598844
26009,0.43677788392919875
26011,0.4020741302541363
26013,0.3731861048540763
26015,0.43437631787296493
26017,0.49749470439674154
26019,0.4056146530624227
26021,0.4476603311575268
26023,0.41942121945898325
26025,0.4778154574212391
26027,0.43923260413028237
26029,0.47704000112891454
26031,0.40289436770340153
26033,0.4331951045524487
26035,0.3571757001253585
26037,0.4745445071662264
26039,0.46820916065831647
26041,0.43520384939346374
26043,0.46398381932019506
26045,0.504074509042703
26047,0.4758257697530005
26049,0.4756838896356971
26051,0.40931921466418336
26053,0.4275891305689318
26055,0.49048140927104783
26057,0.4049685405616006
26059,0.4195411571393298
26061,0.5056224417690559
26063,0.4008388710705595
26065,0.5671785701239467
26067,0.41267810947254324
26069,0.43986764609524875
26071,0.3782831152621398
26073,0.5475384238675888
26075,0.45838444811935325
26077,0.5605876435899405
26079,0.42463540564730307
26081,0.5202375754487225
26083,0.4565302134421251
26085,0.26958370997438125
26087,0.43262292592480495
26089,0.42963382687582474
26091,0.4534875787301
26093,0.4646532748369557
26095,0.3899432972417004
26097,0.45328548323141526
26099,0.5017919163242237
26101,0.3845061550259268
26103,0.47669692058754554
26105,0.42473866274260186
26107,0.4564720170430923
26109,0.3979153450206603
26111,0.48869925046822027
26113,0.43050471649696165
26115,0.4562465718413042
26117,0.3938565072094634
26119,0.4113563075924494
26121,0.4477150828003852
26123,0.4022272797667356
26125,0.5230766291626741
26127,0.3746652161467259
26129,0.4240645424156426
26131,0.4124576583505928
26133,0.39210838997370584
26135,0.3284091632199982
26137,0.4761353806548473
26139,0.5031835257190476
26141,0.4078853673119388
26143,0.4626832910300157
26145,0.4809933525741528
26147,0.4722420448197461
26149,0.45712768548027727
26151,0.42450566950983043
26153,0.45290644695779675
26155,0.4565400507253366
26157,0.3995268169102264
26159,0.4606029581738632
26161,0.572621176640524
26163,0.4694570999121191
26165,0.4348844009039165
27001,0.3692734608658407
27003,0.48792118095405546
27005,0.45578197147841076
27007,0.5122611550347449
27009,0.5272185269074819
27011,0.4682783119082912
27013,0.5721842790179268
27015,0.48034281222878206
27017,0.4178213567449516
27019,0.4878488610607923
27021,0.42932747326364473
27023,0.4709939761113816
27025,0.45806391657876777
27027,0.5398773642167396
27029,0.4214570648932239
27031,0.49284865105426057
27033,0.45065026341246406
27035,0.468979736429328
27037,0.5158899613723544
27039,0.47358819231801264
27041,0.49053377210455495
27043,0.4556256174597042
27045,0.444336879448678
27047,0.4542487852147403
27049,0.4936274389745818
27051,0.45295600360936206
27053,0.5552296701979279
27055,0.47901622908575936
27057,0.4284963015189255
27059,0.465550729448722
27061,0.4268722769485118
27063,0.4869035568224566
27065,0.42962141602220594
27067,0.47207062276335765
27069,0.40132514412089687
27071,0.47164892430425553
27073,0.4257328906224475
27075,0.4919669044594012
27077,0.29501105154890483
27079,0.4775930174104722
27081,0.4527210720557327
27083,0.5140922749142741
27085,0.472406627441931
27087,0.4215116614021531
27089,0.4600313799669077
27091,0.4814395495010699
27093,0.4417372328708769
27095,0.46016985739340444
27097,0.44266036855536245
27099,0.47425035750588607
27101,0.4173366326929746
27103,0.48435435815119937
27105,0.42679272825920217
27107,0.42104901637113695
27109,0.5301420021138015
27111,0.4368813297316737
27113,0.5294678996004876
27115,0.386936555582452
27117,0.483814240700431
27119,0.48432567256059894
27121,0.46272081134268467
27123,0.5424219140590721
27125,0.44074383651010285
27127,0.4376506534355282
27129,0.40682866770682563
27131,0.4637250581787715
27133,0.48375117665017
27135,0.3821156886864049
27137,0.5031592670070134
27139,0.48661179120151715
27141,0.4863683454438825
27143,0.43345812560781516
27145,0.5156959947228104
27147,0.48839646001344494
27149,0.5376626511870329
27151,0.4461078414838315
27153,0.36809997401803757
27155,0.4145344792402955
27157,0.4599443185706628
27159,0.4506637941848681
27161,0.4640549751355969
27163,0.4945634370298596
27165,0.40735999216368346
27167,0.42950434018937556
27169,0.5516381921629023
27171,0.4795559301338697
27173,0.4585490969429384
28001,0.41348327769967097
28003,0.4029874414928266
28005,0.3625791883001578
28007,0.372882318131267
28009,0.31006285828357727
28011,0.3982309185359959
28013,0.4224924480090504
28015,0.29052606059306807
28017,0.3699406620340918
28019,0.4059449477389403
28021,0.33785258922934813
28023,0.36821164684300334
28025,0.44767063761221315
28027,0.412330479271379
28029,0.30397368401254976
28031,0.3318374420856879
28033,0.4892616068411811
28035,0.4937354518383069
28037,0.4394481721075756
28039,0.39145095109181327
28041,0.26116381839914443
28043,0.4443835926161106
28045,0.44156766095814676
28047,0.4824795123177108
28049,0.508663998942185
28051,0.307047977827411
28053,0.3839865601401851
28055,0.1217268396284823
28057,0.3838119785120998
28059,0.46033840373749846
28061,0.2639963898230432
28063,0.396454757781381
28065,0.2942328956590114
28067,0.3396837313825496
28069,0.3133019866912857
28071,0.5060811911952693
28073,0.5075510698058807
28075,0.45340909811199404
28077,0.27138928674259305
28079,0.3550579504753353
28081,0.4448012355922665
28083,0.2931263314579744
28085,0.3943909138605074
28087,0.4693426834827102
28089,0.5122450589005377
28091,0.34232178611786845
28093,0.38056863894445603
28095,0.4402258979293395
28097,0.36946436644491665
28099,0.3803364037364071
28101,0.36374358426119835
28103,0.33937983490364276
28105,0.6336423545098885
28107,0.35314103436858973
28109,0.39960068433035895
28111,0.36362307799091687
28113,0.38847689559151244
28115,0.38076341756972
28117,0.40316001294446296
28119,0.3577674288998022
28121,0.47955524683567763
28123,0.37112528146238016
28125,0.2760870757078858
28127,0.34470840447313517
28129,0.24527629622558222
28131,0.40247084877423345
28133,0.31587943244847194
28135,0.30367058435677496
28137,0.410343996891532
28139,0.35209012074367574
28141,0.3949408506880728
28143,0.4940854088821226
28145,0.3840451896984747
28147,0.35669735122699775
28149,0.41663864052798366
28151,0.34485066396345065
28153,0.4191740055450335
28155,0.41138378552306826
28157,0.364617575142952
28159,0.3500619997626748
28161,0.3522999714309529
28163,0.35496151294004363
29001,0.5285096954930726
29003,0.41716289409380475
29005,0.43835776249205993
29007,0.3972155177954444
29009,0.40036850576703814
29011,0.4321783703929609
29013,0.3824485710181883
29015,0.3553262417213289
29017,0.33170317340624217
29019,0.5781420715756882
29021,0.4607302420621943
29023,0.4161828215391984
29025,0.40432792065195117
29027,0.43442878160434306
29029,0.3471995543345782
29031,0.49790142053940345
29033,0.39703437302785244
29035,0.35069049174121325
29037,0.477042479502798
29039,0.38902128100370764
29041,0.34232958492782417
29043,0.46993418261701325
29045,0.33201179035242506
29047,0.5187059590605796
29049,0.4203728879046922
29051,0.43352454972146726
29053,0.41385276928602344
29055,0.40134585829376407
29057,0.3859918694979461
29059,0.40022434662677553
29061,0.3895445195711664
29063,0.32491569663262837
29065,0.3773976134170501
29067,0.3360537727256786
29069,0.45948563903474915
29071,0.4707984442113151
29073,0.40898115046526545
29075,0.3941233130858983
29077,0.5322994134811077
29079,0.39016478202631566
29081,0.4175088104651937
29083,0.4519638096174083
29085,0.29600479644872785
29087,0.3864642664828778
29089,0.37617853220110214
29091,0.4248237935775
29093,0.3588071362085491
29095,0.534220668709433
29097,0.49624032242924615
29099,0.48198792849456046
29101,0.5797045628737357
29103,0.2552466461070209
29105,0.4222862613041285
29107,0.4058461835295778
29109,0.45091745378820886
29111,0.3334928024903556
29113,0.4816322261288347
29115,0.3993923304254155
29117,0.36279133407999936
29119,0.3372277828912992
29121,0.35394796433405434
29123,0.37319645784757915
29125,0.40740669203722163
29127,0.47681720625636115
29129,0.3395019148865831
29131,0.46100147924425194
29133,0.39481036810250186
29135,0.3761043926283675
29137,0.4009957721528863
29139,0.4039563818167272
29141,0.31250554668546554
29143,0.4485055674531736
29145,0.4391172713503125
29147,0.5742882613378282
29149,0.30691674728482216
29151,0.401396285245321
29153,0.33144296714441485
29155,0.4423163553386089
29157,0.43790535652510243
29159,0.4670353397674808
29161,0.5300895018169065
29163,0.4123318817570296
29165,0.5388502947757252
29167,0.4287440156630705
29169,0.46709167452230294
29171,0.2878936040147923
29173,0.41027169069664265
29175,0.42184272635217457
29177,0.4140341076572555
29179,0.3379580467622623
29181,0.35672171203265113
29183,0.5061064330003213
29185,0.3936998549138452
29186,0.4106373910877175
29187,0.41238251195203596
29189,0.522458828425769
29195,0.41400408961911883
29197,0.27731619992296824
29199,0.4037322619731385
29201,0.45608356780174497
29203,0.33729255456815627
29205,0.39204462274876994
29207,0.4363419282942856
29209,0.40556894529279663
29211,0.32362330175577325
29213,0.43631083946838756
29215,0.3840571908221197
29217,0.450434640926356
29219,0.43463438407880267
29221,0.3780472846826609
29223,0.3432224364587082
29225,0.4133514048690896
29227,0.3463684819504626
29229,0.3688171972818626
29510,0.568087330964722
30001,0.47953492019555477
30003,0.3717332166922851
30005,0.4129066526453111
30007,0.4035682219303316
30009,0.4261664398177957
30011,0.42194862932393307
30013,0.49075005780494757
30015,0.3639573070566462
30017,0.4384297629267375
30019,0.43604142047860767
30021,0.5295895098988241
30023,0.437438007562629
30025,0.4900548978798651
30027,0.5002716183108666
30029,0.4674752766995993
30031,0.5728562352296589
30033,0.47850531337256713
30035,0.35844728644692725
30037,0.38779353873066025
30039,0.35442536985220546
30041,0.49354024713418393
30043,0.41751715598730704
30045,0.4137893713881462
30047,0.40808650213893505
30049,0.5054578450924041
30051,0.37663871404347526
30053,0.41130438582259377
30055,0.4502924934460212
30057,0.3885504884413652
30059,0.3543809749251599
30061,0.3954727770875675
30063,0.5738394456560307
30065,0.41008992194087907
30067,0.5223579119752915
30069,0.513042390690602
30071,0.4007612699452922
30073,0.4173634140479545
30075,0.3887402686184403
30077,0.28266771822379966
30079,0.4000575053411865
30081,0.46225746771253956
30083,0.4805639058883051
30085,0.3765198602310819
30087,0.3627996425674266
30089,0.39157062590372804
30091,0.44219754697517355
30093,0.4844625076924347
30095,0.44790555112493263
30097,0.4053870468471043
30099,0.43309818290204094
30101,0.4222641367540627
30103,0.38935231064636416
30105,0.4045665862157861
30107,0.35427778850501845
30109,0.38223538857737893
30111,0.5222538869335582
31001,0.5056089108872173
31003,0.4320127557946311
31005,0.40578930599304114
31007,0.30909485953988464
31009,0.5681033266981447
31011,0.44467016037427465
31013,0.5321488037772883
31015,0.40534527791347924
31017,0.4509999542478992
31019,0.5377333330944172
31021,0.41095368194840687
31023,0.4679582381870252
31025,0.4570300072051691
31027,0.4290449137150862
31029,0.46109525765182624
31031,0.43900158549690077
31033,0.5303571159561444
31035,0.46500983269508517
31037,0.44369341292505726
31039,0.4156470875672422
31041,0.46164791633712404
31043,0.463153715479703
31045,0.5496321976309212
31047,0.46484021014653965
31049,0.4294277034723418
31051,0.42814960560897425
31053,0.47154363121576914
31055,0.5424746993454594
31057,0.4444948036310394
31059,0.4333018897279886
31061,0.3820058157446573
31063,0.3849739370872676
31065,0.4061941254921849
31067,0.4625560607521686
31069,0.4545876954038347
31071,0.4026429458585948
31073,0.4118820830437997
31075,0.4877599538183197
31077,0.40295352351388575
31079,0.4966312015462372
31081,0.46538410229966654
31083,0.3934105552769733
31085,0.4266702257688352
31087,0.3999198131146634
31089,0.42192825733474676
31091,0.4108125146493258
31093,0.4198236271041997
31095,0.42387283850343993
31097,0.39157543165597797
31099,0.5094055832950841
31101,0.46145859241402887
31103,0.3536453044724289
31105,0.4225065260344314
31107,0.4216998979600823
31109,0.5692955966163902
31111,0.4895370467253326
31113,0.43749776090624787
31115,0.35181111283723465
31117,0.3734255059431293
31119,0.4923301895166565
31121,0.44713319935824625
31123,0.4278315783552223
31125,0.40328085221129933
31127,0.45741531265301066
31129,0.3892688160405334
31131,0.46638464766243415
31133,0.3710784054745043
31135,0.45954727287884894
31137,0.4820387145297085
31139,0.46593484294661636
31141,0.4783038946323044
31143,0.4170724974068224
31145,0.4610519009547645
31147,0.4622685342650715
31149,0.4491563627351455
31151,0.43518471819143056
31153,0.5318895212768411
31155,0.4796155225837665
31157,0.4804137867861007
31159,0.47818423214263556
31161,0.4157723906361144
31163,0.4207466872888518
31165,0.3938745842272442
31167,0.4382152657913677
31169,0.4273089645631484
31171,0.600131664290152
31173,0.4564099701899753
31175,0.41528036199395724
31177,0.48761163890212583
31179,0.5674930917251644
31181,0.4663266660321812
31183,0.35772109970170163
31185,0.5075530892222089
32001,0.47878794116812806
32003,0.47196732765142596
32005,0.4688871432870566
32007,0.4796144544335761
32009,0.38293388524699007
32011,0.42892901260585514
32013,0.5042187612817256
32015,0.5230757368795593
32017,0.37353297709737937
32019,0.45738781661420774
32021,0.38827932792861936
32023,0.38447573587325284
32027,0.33140934578082565
32029,0.3961273336422639
32031,0.5027874850150853
32033,0.4064762379694419
32510,0.46750681432860774
33001,0.44385594399011147
33003,0.462354851248412
33005,0.45822798006558774
33007,0.4513690364368518
33009,0.42965089376286053
33011,0.4989225856048154
33013,0.46301788455064086
33015,0.4895342100754501
33017,0.5156428579149006
33019,0.4006135299733431
34001,0.4598938834555055
34003,0.46066704210436193
34005,0.47531908786227994
34007,0.4797197107493083
34009,0.47961654726559655
34011,0.4217725411187232
34013,0.44651657989844823
34015,0.4598312400342587
34017,0.5418019174356297
34019,0.4518108162543579
34021,0.44433607992326996
34023,0.45303306449269454
34025,0.4696741372851747
34027,0.4652614748874056
34029,0.43578529506116814
34031,0.4430766012091812
34033,0.4438001724219688
34035,0.47129500970447047
34037,0.46408781079686257
34039,0.44249038628034365
34041,0.47048359696070463
35001,0.5095378464246458
35003,0.24708204115915725
35005,0.40635979055908583
35006,0.2704953282470591
35007,0.4177681616450989
35009,0.5381822005100799
35011,0.48432838941379036
35013,0.481154035703309
35015,0.4615477640274098
35017,0.39916880914539205
35019,0.198520146869115
35021,0.2433777480742183
35023,0.367482779189799
35025,0.460291739423054
35027,0.39682236740796417
35028,0.538192572902377
35029,0.3987694918045084
35031,0.2650983112591328
35033,0.23140775543703604
35035,0.4451442405951407
35037,0.3005098559522786
35039,0.2809251176595684
35041,0.5134827249726286
35043,0.4438878576960741
35045,0.34248269655998453
35047,0.3616421107654334
35049,0.45828919204538365
35051,0.3794395800767185
35053,0.22938328572770345
35055,0.3550497060633121
35057,0.3344608225420195
35059,0.32529455704106247
35061,0.3597549170995473
36001,0.5274115332025948
36003,0.41139653166676915
36005,0.4621112577884958
36007,0.493851233116976
36009,0.4271631984285129
36011,0.44327441651487665
36013,0.4562326547298919
36015,0.47010016450686437
36017,0.4552784022802158
36019,0.4745567779520934
36021,0.4194078306294032
36023,0.4743732168286586
36025,0.4189652757528275
36027,0.46494162769677916
36029,0.5146509891499605
36031,0.43963246836829256
36033,0.44214197064344685
36035,0.435860318622258
36037,0.4861279901351428
36039,0.3430131918003915
36041,0.24188000699725953
36043,0.4494606615180157
36045,0.5550477211211094
36047,0.4745999060823134
36049,0.4391044129808926
36051,0.45661359929793555
36053,0.4122645768165225
36055,0.5151842506432139
36057,0.4218636511644257
36059,0.40785080999539863
36061,0.5937513525279748
36063,0.4811798618850801
36065,0.4664885805301881
36067,0.4870578372808442
36069,0.4889619198335787
36071,0.4324006152729156
36073,0.44541399622940914
36075,0.4851809324658829
36077,0.42797302603081505
36079,0.43300787778965844
36081,0.4201475535329875
36083,0.5116589340652853
36085,0.41287849744558003
36087,0.40998751506239994
36089,0.45372036391422976
36091,0.5095341580645667
36093,0.47805972221758003
36095,0.4153074806065942
36097,0.43396991766020576
36099,0.4523121027566248
36101,0.4628510396670358
36103,0.40949403825122177
36105,0.4166605919418617
36107,0.47929796602416097
36109,0.5857144516615536
36111,0.4640262800833376
36113,0.4932765306641329
36115,0.4265106993080777
36117,0.47177924696072154
36119,0.45163121149278573
36121,0.4268179323414267
36123,0.3673317923542156
37001,0.4718063022841117
37003,0.39552427124314
37005,0.4186479730272603
37007,0.41802101278337983
37009,0.41356052369063273
37011,0.353606944011308
37013,0.4076513824010408
37015,0.30408517146138525
37017,0.3941843636915744
37019,0.45891289187329876
37021,0.44119865253009366
37023,0.3940410365438822
37025,0.44688340932113113
37027,0.4191092954658899
37029,0.46340091798896355
37031,0.4994357719200368
37033,0.3585558476759196
37035,0.4594250708768881
37037,0.41425212093673264
37039,0.3975013156701999
37041,0.453985348064866
37043,0.4346880228565042
37045,0.36638243966170514
37047,0.3818420070195486
37049,0.47604621366646466
37051,0.5506243473448967
37053,0.450066375352728
37055,0.5110158547177869
37057,0.452604183245757
37059,0.4437804049659791
37061,0.4017334108591065
37063,0.567900330559706
37065,0.36945601874703776
37067,0.492819326748921
37069,0.43962873497482924
37071,0.4656108330678229
37073,0.3444800128844908
37075,0.3513105920871791
37077,0.3950339094794819
37079,0.3399859825704993
37081,0.4870711707948569
37083,0.3287462074697738
37085,0.4536530784969366
37087,0.40971723600526233
37089,0.46155417644345587
37091,0.3724978836358538
37093,0.4766544791989392
37095,0.36844168020534235
37097,0.4850675376035388
37099,0.43092339567494814
37101,0.4294102448369335
37103,0.3375752766631827
37105,0.4105879170481733
37107,0.4272143728064188
37109,0.45713689181680917
37111,0.4297453997206506
37113,0.4470869382980618
37115,0.37584892742304354
37117,0.39985999972377667
37119,0.5539379698989023
37121,0.4165681724792718
37123,0.33215627652740176
37125,0.4775973317156677
37127,0.4460245219107672
37129,0.5549002702065194
37131,0.27133012644416565
37133,0.6001712911452135
37135,0.5218117556990597
37137,0.3846566309461068
37139,0.4571698480736648
37141,0.42755486218006983
37143,0.429114931528873
37145,0.44897400954873135
37147,0.5686525807354403
37149,0.4202084937482464
37151,0.4410581508637717
37153,0.40406846891637654
37155,0.36215635327676277
37157,0.4041618045929124
37159,0.45280417444892884
37161,0.3987318045719097
37163,0.3728426582142792
37165,0.38115270627291586
37167,0.4425737292270001
37169,0.41671037513624587
37171,0.3882230931794033
37173,0.3759202148663641
37175,0.4413856154199932
37177,0.37903782775507877
37179,0.44490129987051197
37181,0.41254892407010246
37183,0.5317001161138294
37185,0.35580246651849956
37187,0.3587672210465189
37189,0.5444283819142365
37191,0.5002234556983098
37193,0.4367196095238022
37195,0.4426788877408516
37197,0.40527166576619833
37199,0.39384919387709927
38001,0.46214411257277754
38003,0.4932157942661657
38005,0.4135947462128844
38007,0.38121735409876434
38009,0.46081251104419796
38011,0.481748478711275
38013,0.4766314917599894
38015,0.5133638663851608
38017,0.5997072165868881
38019,0.42764269633515734
38021,0.41774318909682373
38023,0.38114188229997376
38025,0.3996076353025936
38027,0.4609023807867813
38029,0.37319430577370966
38031,0.4784149259335533
38033,0.4060563046260658
38035,0.6028573328516347
38037,0.42112259979433353
38039,0.4019751872232607
38041,0.45945500341909273
38043,0.40092301141042275
38045,0.4293186709950084
38047,0.39937720671906274
38049,0.46189718691860004
38051,0.42129072449408245
38053,0.5522677037263444
38055,0.4382026223019733
38057,0.4652077327003691
38059,0.5245738842787783
38061,0.4624733706994823
38063,0.381798194229633
38065,0.3570206293008323
38067,0.420332003993301
38069,0.44877471011952713
38071,0.49451075175282444
38073,0.42213174194584635
38075,0.5028271752002934
38077,0.5073752842284953
38079,0.41236418696993316
38081,0.5291999657304542
38083,0.3989218962871545
38085,0.421516989317678
38087,0.3810399502186243
38089,0.5327909697347377
38091,0.3956521460847759
38093,0.46573082638907526
38095,0.4128223568141052
38097,0.4406341389607923
38099,0.4247251800587919
38101,0.5793818706435546
38103,0.4443567192243166
38105,0.5434453527100455
39001,0.3793985640447787
39003,0.48177103170011626
39005,0.4485940780966894
39007,0.43363843223827747
39009,0.5081357041873646
39011,0.4945766073692057
39013,0.3883913781514211
39015,0.4098644281837612
39017,0.49347596967092466
39019,0.4105290485295923
39021,0.47388916504066364
39023,0.4926036756270985
39025,0.496235744073019
39027,0.4741668820983558
39029,0.4399767443427164
39031,0.4189902302421939
39033,0.4876257289619788
39035,0.5143023681674245
39037,0.4566493503233871
39039,0.4637872641748545
39041,0.49360724543974255
39043,0.4518545117870211
39045,0.456889717666785
39047,0.4603850606430202
39049,0.5792941778807289
39051,0.47370367373354627
39053,0.39726290384909113
39055,0.4103924991749211
39057,0.5230452751989498
39059,0.44509622571866214
39061,0.5523794584469227
39063,0.5213896975602627
39065,0.47207397542976415
39067,0.3891965849539859
39069,0.48259377584702745
39071,0.4125876087400715
39073,0.45112660514473735
39075,0.3342229474758003
39077,0.468533404077421
39079,0.42613799989750456
39081,0.4364828103212041
39083,0.4483690640636694
39085,0.5055646921415926
39087,0.4199581361386034
39089,0.47283559112263773
39091,0.4980663016948503
39093,0.4456648800150517
39095,0.5216161558573332
39097,0.4132579250919554
39099,0.4821415581341856
39101,0.4348604254825904
39103,0.47915717119814594
39105,0.3701178931724672
39107,0.4798625592622584
39109,0.49465679549204666
39111,0.38725324361442387
39113,0.5284982591215572
39115,0.38731138177270125
39117,0.4258603951235168
39119,0.4636780434182809
39121,0.2598204473569709
39123,0.45538370643565396
39125,0.4180587821199799
39127,0.4178761423068449
39129,0.42854271604975047
39131,0.396607000940263
39133,0.48232725638077534
39135,0.45502286759827104
39137,0.459392271338445
39139,0.4524342058034631
39141,0.439035852199925
39143,0.4566660410174603
39145,0.42739736594180067
39147,0.4640660904120096
39149,0.47134592473089243
39151,0.47630844935421285
39153,0.5165636337382675
39155,0.44064384736404333
39157,0.45185930696295784
39159,0.47235743754000686
39161,0.45839400043584766
39163,0.3576740043849819
39165,0.48358092053422463
39167,0.42719014635386543
39169,0.4447953854080603
39171,0.4800356593724632
39173,0.5557329753039617
39175,0.4742537878857665
40001,0.27030696508758323
40003,0.3288228147475779
40005,0.3483290793890277
40007,0.42283294530489546
40009,0.4413704401486347
40011,0.43054662827216333
40013,0.444122547167324
40015,0.37692939056521535
40017,0.5036555879781711
40019,0.41370234340224493
40021,0.44083951407733124
40023,0.3865759872939436
40025,0.2980239719705067
40027,0.5401338825058632
40029,0.41095292503152403
40031,0.5139121438695442
40033,0.37284235872105015
40035,0.36490111632053224
40037,0.44331950841318857
40039,0.5601025514487781
40041,0.38473667929552413
40043,0.40557589431559427
40045,0.39609814422885287
40047,0.4758904504672957
40049,0.45295713316558495
40051,0.42999829882474183
40053,0.3597990635098553
40055,0.403617940550452
40057,0.3958975873669527
40059,0.3880763486694651
40061,0.40036656582172536
40063,0.26574707192947666
40065,0.5118301782000398
40067,0.3455611749241708
40069,0.362403002295546
40071,0.4257889730057418
40073,0.4508270508741929
40075,0.4167592728251016
40077,0.4083151793786177
40079,0.38447940371697775
40081,0.3766084753006216
40083,0.4271564631379694
40085,0.394653092667011
40087,0.462712972042927
40089,0.37265146035714336
40091,0.300546111902773
40093,0.489881649967998
40095,0.3472731550286709
40097,0.4385120385780574
40099,0.3293549248337655
40101,0.40437576568242045
40103,0.4107279932508868
40105,0.3512259686546797
40107,0.3282634867648093
40109,0.536427362284565
40111,0.41610055518233735
40113,0.3867106286879515
40115,0.4263467705122519
40117,0.3410585982266952
40119,0.6003869775321395
40121,0.4468845837676241
40123,0.4416541863317024
40125,0.45075430411266504
40127,0.33952264188010595
40129,0.4646504414253588
40131,0.44758531926336964
40133,0.32845228404917537
40135,0.39230520925405
40137,0.4350421723170284
40139,0.47638117377946676
40141,0.3525216673612886
40143,0.5273645166488065
40145,0.4637924740186748
40147,0.4522156130247786
40149,0.42305091132489714
40151,0.5129222606312491
40153,0.47839313519101684
41001,0.4290194592475849
41003,0.5809868173719723
41005,0.47506440795970073
41007,0.4714228130223649
41009,0.4561584323700457
41011,0.4533426473951046
41013,0.4450681305261983
41015,0.4510893710388277
41017,0.505838580658528
41019,0.4424321743317923
41021,0.4514108661932335
41023,0.44281467699441224
41025,0.4280946585903475
41027,0.4660178751019629
41029,0.4786933681716256
41031,0.4087625127679373
41033,0.44563401173033457
41035,0.4652840997289166
41037,0.3581334437556941
41039,0.5251689142801347
41041,0.4773825832311642
41043,0.47797862670770264
41045,0.4044187609110914
41047,0.47036762153612194
41049,0.42537200187272944
41051,0.5595263134696198
41053,0.4880131090009099
41055,0.4074240814017798
41057,0.46177678767959474
41059,0.4230200065356742
41061,0.45980612486794403
41063,0.42922031045430575
41065,0.4562240519297424
41067,0.5247678501392106
41069,0.38370517150667977
41071,0.44974098088106473
42001,0.43490004059218923
42003,0.5363198499453625
42005,0.42937491624102797
42007,0.47127544049308373
42009,0.39800052086675425
42011,0.4496198013191387
42013,0.44587930512027707
42015,0.4395528636533373
42017,0.46492019637003795
42019,0.47851644092308887
42021,0.4273857473668139
42023,0.4227428310816765
42025,0.4413178054583018
42027,0.49373660797150787
42029,0.47862555868458134
42031,0.4263330527199533
42033,0.3884527665448284
42035,0.4358535593660996
42037,0.4543162432513508
42039,0.42546538490848584
42041,0.49473315167321563
42043,0.4953005633960058
42045,0.48262053861610493
42047,0.43678062709397336
42049,0.47981391774575055
42051,0.43178466370553015
42053,0.16505657414037483
42055,0.46339424587756267
42057,0.40600284410237253
42059,0.42783434712903196
42061,0.37795235415162287
42063,0.41997174960195177
42065,0.4160014987240121
42067,0.385604934032519
42069,0.4626536180989771
42071,0.45475350782124013
42073,0.45423667178203625
42075,0.44951465792749584
42077,0.47594878641494076
42079,0.45542990933124083
42081,0.46035785807364993
42083,0.4152992974419339
42085,0.4346246144476568
42087,0.42654558809948445
42089,0.41875012348831064
42091,0.4901308472055339
42093,0.45279873600522585
42095,0.4492305200247247
42097,0.4224384849285474
42099,0.4263102400756019
42101,0.5247060847787992
42103,0.4408821062820824
42105,0.4013018591783671
42107,0.4251675783883178
42109,0.40729535867201067
42111,0.3777672801046482
42113,0.3479192041788831
42115,0.41647427000182874
42117,0.42207981632647706
42119,0.34686928321713045
42121,0.4350515745757458
42123,0.4177588390709549
42125,0.4698529977478669
42127,0.3834368325498481
42129,0.46313121193364887
42131,0.4438589363721344
42133,0.469043182474588
44001,0.4407561771285184
44003,0.5054914305303135
44005,0.48679326084359253
44007,0.486776299453114
44009,0.4769842069176543
45001,0.36420430860186187
45003,0.4727506502301908
45005,0.3046643998715053
45007,0.45167065576592236
45009,0.3368305220039318
45011,0.3849065057982459
45013,0.44933694469755675
45015,0.47482227810148514
45017,0.39080357496106066
45019,0.49226833668946424
45021,0.3802244289717325
45023,0.37005441111376675
45025,0.392772442016433
45027,0.36199013570067234
45029,0.4188554960151333
45031,0.37978742130817594
45033,0.31677791189213966
45035,0.4572775858881597
45037,0.33329254495835653
45039,0.3774918008415996
45041,0.40918701732536167
45043,0.3841449202247529
45045,0.5077079727078012
45047,0.4346629706024714
45049,0.38358954918807964
45051,0.4335949854599826
45053,0.39146442670174
45055,0.44449351865787046
45057,0.4464740844368585
45059,0.41579900389966495
45061,0.3607334611302551
45063,0.5047296533385157
45065,0.3298943490084645
45067,0.2881120852176843
45069,0.28694060361077717
45071,0.4145582210463441
45073,0.4175145743373494
45075,0.3918761806327742
45077,0.4713167580224119
45079,0.5290843325975068
45081,0.3809156852958075
45083,0.46501854340978005
45085,0.4656412469617984
45087,0.4124455332520623
45089,0.31905767998908335
45091,0.5006960976119965
46003,0.4281609896496365
46005,0.47894883686379663
46007,0.45546012283938675
46009,0.3671062113123292
46011,0.6294004178653432
46013,0.5212186323557778
46015,0.42314390929266144
46017,0.41707192418423905
46019,0.4726166902390809
46021,0.3812325490182896
46023,0.3694735572124501
46025,0.4159263849142795
46027,0.6605502052633366
46029,0.506746796582931
46031,0.4164011238846289
46033,0.4160392296989578
46035,0.5042093562350043
46037,0.4002442980685679
46039,0.44544350837740393
46041,0.42599511818204516
46043,0.41436771713493614
46045,0.422771109783101
46047,0.42701858084807337
46049,0.3746607430437607
46051,0.44955602043755505
46053,0.39375465299259094
46055,0.2889317854713618
46057,0.45851661011179823
46059,0.4692530034472036
46061,0.41123147029115437
46063,0.5425222339487079
46065,0.5334359833716807
46067,0.4176253268547218
46069,0.4308747009073014
46071,0.26615818829080995
46073,0.4659624360400694
46075,0.40316700382801157
46077,0.4346444295692652
46079,0.48315352214514873
46081,0.5075962421767168
46083,0.5680911779361311
46085,0.3995837137848839
46087,0.4633475279503275
46089,0.27428185971275815
46091,0.4162003457134571
46093,0.4930635036952636
46095,0.2549549111754009
46097,0.3684283952079015
46099,0.5496778588374496
46101,0.4531132862351214
46102,0.31023222321846144
46103,0.5089850058347836
46105,0.459627945569477
46107,0.4271151130573753
46109,0.4127091654254656
46111,0.43932067911676276
46115,0.43967722031141976
46117,0.45649908971591957
46119,0.42158272322293483
46121,0.3853057385223099
46123,0.4125822314713408
46125,0.4428938349217033
46127,0.5036111667626978
46129,0.4416158956239957
46135,0.4809438882243313
46137,0.31778060417676063
47001,0.4659109222317655
47003,0.4305302144630582
47005,0.3715773107766145
47007,0.33439117755635683
47009,0.4335169941667598
47011,0.4575537649183415
47013,0.36713005086827577
47015,0.4024887865114328
47017,0.3777851477942483
47019,0.40365022156716684
47021,0.44108907146335974
47023,0.4191022633969497
47025,0.38068917590419143
47027,0.3503801600056445
47029,0.37105888275080734
47031,0.4124691198307502
47033,0.4309056235955795
47035,0.4442823281866525
47037,0.5793898728659598
47039,0.36361966339287466
47041,0.41115694960921156
47043,0.43135192919830456
47045,0.46641797166445176
47047,0.40992977526275287
47049,0.3907700844427424
47051,0.37943458871110225
47053,0.4456377641291539
47055,0.4047794785253157
47057,0.3610979906493351
47059,0.3746514254565512
47061,0.35016833662351854
47063,0.44378935357042404
47065,0.4975621918839849
47067,0.34566140632256387
47069,0.3554745799202579
47071,0.41608560714117054
47073,0.4075536882576726
47075,0.3569496789958289
47077,0.42753333691940576
47079,0.39585568424857354
47081,0.33622264157422876
47083,0.33582744426621836
47085,0.3733895015908353
47087,0.3243852475770263
47089,0.38390380339983093
47091,0.3421988231201811
47093,0.5108286684544718
47095,0.2872627714084182
47097,0.40703998410181225
47099,0.4185790751968538
47101,0.34143268015365014
47103,0.3769051456615438
47105,0.422065172684722
47107,0.4511427079946886
47109,0.40430619373684423
47111,0.4249250277595659
47113,0.4815131668021231
47115,0.4205574287846843
47117,0.4480186547418734
47119,0.4860188691549806
47121,0.41121898943240276
47123,0.4320269738217352
47125,0.5503151039506402
47127,0.3413199495840382
47129,0.3481810365294925
47131,0.43477026155562015
47133,0.35651447787215157
47135,0.3117097770793691
47137,0.3793178948513019
47139,0.3933647903826676
47141,0.4995056722148257
47143,0.4646992216937019
47145,0.43063563503936814
47147,0.4453530410616028
47149,0.5153073366030643
47151,0.3790704317345486
47153,0.3674531182285555
47155,0.40105985312067194
47157,0.4827787036256268
47159,0.43509938043337987
47161,0.3878479528301237
47163,0.4590335397938994
47165,0.47943028279112543
47167,0.4236168394011278
47169,0.3814861146385685
47171,0.4046173117887864
47173,0.34972959301036727
47175,0.3673132687893755
47177,0.41050163639213655
47179,0.494538617926214
47181,0.3414644524840856
47183,0.4246948241862264
47185,0.39414207707516086
47187,0.47583394216935615
47189,0.4543194840678251
48001,0.31653399767029694
48003,0.511049647301395
48005,0.462633508900106
48007,0.47373771531448877
48009,0.41206789487784
48011,0.4409761155707983
48013,0.4206624865636381
48015,0.4440874747597622
48017,0.37723258521713837
48019,0.4122174153799555
48021,0.4017008917861667
48023,0.44129231163613825
48025,0.3166676884854074
48027,0.5388524836133951
48029,0.49937198658790294
48031,0.4472287093031702
48033,0.4468259718150593
48035,0.37564438715429194
48037,0.40061533192935933
48039,0.46705310476140494
48041,0.5844350010921023
48043,0.5134301783347575
48045,0.3689645947833321
48047,0.34052468019436744
48049,0.4342781969121673
48051,0.41722238484652124
48053,0.41537438556177325
48055,0.39512508073665376
48057,0.4447947617811136
48059,0.4134792415363993
48061,0.3794649849442113
48063,0.41083506242880796
48065,0.4165011997284927
48067,0.3951570210563065
48069,0.4226145012549211
48071,0.45778372128237194
48073,0.42577644468960135
48075,0.40986470812079523
48077,0.41810865836226047
48079,0.41975166475796855
48081,0.3917053543694769
48083,0.387620363989477
48085,0.5012952580084249
48087,0.38553647234781335
48089,0.33923065323769586
48091,0.49404792842904693
48093,0.382797897856633
48095,0.21132841413065165
48097,0.42581400039961936
48099,0.44102940632522936
48101,0.47076341466191113
48103,0.40259683994622736
48105,0.3802496200040232
48107,0.42544371952102944
48109,0.2023701167032868
48111,0.4789820019825971
48113,0.5071363099366093
48115,0.4422123198159601
48117,0.4330369801175229
48119,0.40297736148994945
48121,0.5182655157458202
48123,0.3036774207190269
48125,0.41748509821382834
48127,0.3310433404748483
48129,0.3524608988033129
48131,0.30801148745602414
48133,0.3952541086596265
48135,0.5400565981426095
48137,0.22814881599265555
48139,0.45990244462098023
48141,0.47485320398671377
48143,0.5275865572278496
48145,0.2956370182653565
48147,0.3725936155885592
48149,0.30069841148463994
48151,0.41606894580491394
48153,0.402780807819898
48155,0.26324590866703446
48157,0.45637701210436254
48159,0.3947923875955454
48161,0.3226184954085827
48163,0.32051792592594563
48165,0.4956005914620168
48167,0.5041452220753975
48169,0.32708309755037385
48171,0.4457545743851947
48173,0.4757605073261175
48175,0.3369055299076611
48177,0.45284709811894275
48179,0.4482300322839443
48181,0.44822312294648337
48183,0.4925323821230977
48185,0.3545688282273368
48187,0.4627676072964415
48189,0.4338522774452509
48191,0.3403330495025065
48193,0.35248317642124627
48195,0.45534970664366303
48197,0.3219658061830849
48199,0.43656369149672447
48201,0.5000135755582978
48203,0.37849500303888006
48205,0.41396540838520224
48207,0.3773335581834331
48209,0.525474274996929
48211,0.47444676527768526
48213,0.3979970425184401
48215,0.4289510851292543
48217,0.42005985397905093
48219,0.4600942609071894
48221,0.45736611479882416
48223,0.45685877896909477
48225,0.29091238235199934
48227,0.43140578470983204
48229,0.29080540088061135
48231,0.4514497705340341
48233,0.40956432003766163
48235,0.36862727411642465
48237,0.38818910518709465
48239,0.4088741742778275
48241,0.3967138825696101
48243,0.38135533384588755
48245,0.45981911224738736
48247,0.41651220747280715
48249,0.3478802351371192
48251,0.46184513694685553
48253,0.3516888892408607
48255,0.34981753103667523
48257,0.4475295168179909
48259,0.4666835291014586
48261,0.3140172973109349
48263,0.39538421226186427
48265,0.46929253325410236
48267,0.39760763624391804
48269,0.5416079932561128
48271,0.22812339024690131
48273,0.5541557641479845
48275,0.40138269430725027
48277,0.40918528157248735
48279,0.3923695744825044
48281,0.41307425057999153
48283,0.33235245973974725
48285,0.4094473063716292
48287,0.38885736050667696
48289,0.3583937582777543
48291,0.4289281896087633
48293,0.3397519443261224
48295,0.48003305758299386
48297,0.30509290748840046
48299,0.4288902979226987
48301,0.6388564471219225
48303,0.5535755272249208
48305,0.46941474005473416
48307,0.47375623616588475
48309,0.4966800125400415
48311,0.32008293554546763
48313,0.35343656462846085
48315,0.3577111121571802
48317,0.4194688019138051
48319,0.37592147922488145
48321,0.3931862248962732
48323,0.4077818129726474
48325,0.3986955024184605
48327,0.33574524329350003
48329,0.5549718057660485
48331,0.40095200266656156
48333,0.358871373399978
48335,0.3362248469339082
48337,0.3937490491165487
48339,0.4839850257769401
48341,0.4804500106373163
48343,0.430738401582617
48345,0.3067516352697357
48347,0.530311925545532
48349,0.40097340254218145
48351,0.38715712771938615
48353,0.42949466928921487
48355,0.47944184010911545
48357,0.49008023851104304
48359,0.41584647293153376
48361,0.46813917277967076
48363,0.43086388297181
48365,0.4243196388179493
48367,0.44921679687090255
48369,0.4269961947950154
48371,0.37307606308486896
48373,0.36094783752873694
48375,0.46861423756943577
48377,0.2915389205765933
48379,0.37685398395628295
48381,0.5356659131230004
48383,0.4763574649674206
48385,0.24767443955899685
48387,0.3381367660374078
48389,0.29720936513327434
48391,0.3048399651184616
48393,0.39727189108910443
48395,0.41393467162268516
48397,0.48037335344781074
48399,0.40842732859603476
48401,0.3451397891812656
48403,0.40221230152887494
48405,0.35816050814425104
48407,0.34327881469717175
48409,0.4144467873399877
48411,0.37937267325712865
48413,0.33714403685997074
48415,0.4246412957605097
48417,0.45273839642198355
48419,0.3966787495077977
48421,0.37958888093551113
48423,0.45373871459796544
48425,0.39169806253274686
48427,0.38613435235877985
48429,0.42512838335684267
48431,0.4229517080716755
48433,0.4614874707887281
48435,0.3427061476980655
48437,0.4021417890361831
48439,0.5044858560765622
48441,0.5269686557744542
48443,0.32690547828807226
48445,0.42965104678171717
48447,0.4386900978763514
48449,0.43390722239469426
48451,0.4874936890744205
48453,0.5751332847041901
48455,0.3966280036077271
48457,0.3419233461414759
48459,0.421950344564448
48461,0.3897294739014331
48463,0.40271637020939743
48465,0.41395897756606637
48467,0.40085905475746264
48469,0.4273663210811496
48471,0.40226976483635557
48473,0.46592507143756456
48475,0.4560244659399497
48477,0.4291844929282356
48479,0.43311232438896197
48481,0.41944022106528184
48483,0.4259386729100298
48485,0.4906310571142227
48487,0.3930149393574126
48489,0.3145419039581291
48491,0.5204977268544795
48493,0.4210110462493081
48495,0.4567270739945736
48497,0.4225889326280984
48499,0.3952497363880789
48501,0.5419382152305477
48503,0.48097607249255636
48505,0.36243477196753693
48507,0.43604417775544557
49001,0.43198164653512905
49003,0.4782647624016284
49005,0.5810866382089401
49007,0.462821574725398
49009,0.4510783323753227
49011,0.48903158194243346
49013,0.46380554562258514
49015,0.431052098506991
49017,0.3937484800204027
49019,0.5257514829309715
49021,0.5055298271291055
49023,0.4801079171486481
49025,0.4642278386692851
49027,0.4350660386415036
49029,0.47008136550767127
49031,0.22688620918898222
49033,0.3989927090172739
49035,0.5096401729457849
49037,0.31717107773922143
49039,0.42556096538579685
49041,0.441118010208084
49043,0.4157071244699003
49045,0.4822417349648166
49047,0.46490985338486257
49049,0.547811939643595
49051,0.46076662919541905
49053,0.4514132492583304
49055,0.4752695241456503
49057,0.5090443954953862
50001,0.44931891865785356
50003,0.3957242749831262
50005,0.43559386747300716
50007,0.5383396222248826
50009,0.4244329093165285
50011,0.4545282494459797
50013,0.4458077319084446
50015,0.511662541572504
50017,0.45540856809470587
50019,0.4511052959102509
50021,0.42890746104122957
50023,0.5004221789863005
50025,0.3720062140718846
50027,0.4557194477237641
51001,0.4100617822853015
51003,0.49292594553110025
51005,0.3967698318341809
51007,0.3898925381976672
51009,0.40008957325411826
51011,0.39715886696200964
51013,0.6603492918273746
51015,0.40999695168238126
51017,0.3858512520441665
51019,0.4312994147252181
51021,0.27485423016430016
51023,0.4074555880727714
51025,0.37951057654593034
51027,0.3036586946686419
51029,0.28735337360513347
51031,0.418494381622938
51033,0.41836882878318804
51035,0.3871712129111461
51036,0.3308211596532771
51037,0.33045346169205664
51041,0.48437656772688437
51043,0.41046763269908293
51045,0.4188375980201784
51047,0.43458791621981674
51049,0.3982041426682039
51051,0.3611129307004246
51053,0.38549663141685825
51057,0.3449029324685844
51059,0.4943020295703839
51061,0.4423930722435263
51063,0.41094639959609147
51065,0.43724762340616563
51067,0.39138955388757996
51069,0.4316831145324347
51071,0.41239020663304315
51073,0.4318451301194841
51075,0.42300469725519857
51077,0.3633076106887222
51079,0.45625953763542826
51081,0.30369013691515334
51083,0.30641235992183236
51085,0.45031044009603705
51087,0.5111181941055026
51089,0.35392821436017197
51091,0.3778623697374136
51093,0.420864374397732
51095,0.4384788900929665
51097,0.34625715586406364
51099,0.465475844678219
51101,0.3946488151754015
51103,0.395788791491286
51105,0.24963487032764584
51107,0.4729978709818905
51109,0.40891137148163803
51111,0.26243517539762445
51113,0.3764928538016771
51115,0.3413396522649923
51117,0.34343071555425747
51119,0.342555323961661
51121,0.563095700980417
51125,0.3594996533493874
51127,0.4250398427629196
51131,0.42716049409004375
51133,0.37015452749214794
51135,0.3110627210214013
51137,0.4464121765710085
51139,0.36977264721956155
51141,0.3865598381881902
51143,0.3623344364442058
51145,0.4161893257171937
51147,0.41638056519384803
51149,0.39411572452754484
51153,0.46604921349839445
51155,0.3995330947592464
51157,0.39383349209366186
51159,0.2999355565446417
51161,0.46885342738661306
51163,0.39242292049879235
51165,0.4265151493294139
51167,0.310254920515757
51169,0.3344644710863388
51171,0.4176713415733292
51173,0.4200738678191519
51175,0.3751966260529582
51177,0.47060722450724557
51179,0.4714142142023231
51181,0.35598136126529656
51183,0.3426194890209678
51185,0.4041855428787229
51187,0.4499896056168185
51191,0.4064319574872833
51193,0.40535934191323664
51195,0.35571468999161826
51197,0.42699433977522777
51199,0.47191069031693933
51510,0.644119591873873
51520,0.4395107280071173
51530,0.49024681148701155
51540,0.5910251605206649
51550,0.5000036241731451
51570,0.5016579520184707
51580,0.5044044463436013
51590,0.4390953768530834
51595,0.44005082294621645
51600,0.5331653527139767
51610,0.534801876047736
51620,0.48125940976012144
51630,0.5993703195123918
51640,0.46275410193994365
51650,0.5447813443491932
51660,0.5638092644589403
51670,0.5238638845877421
51678,0.5870158586814851
51680,0.5918305847592616
51683,0.47608306256847155
51685,0.4464913025759336
51690,0.47015870188138476
51700,0.5239273095744021
51710,0.5712525908024259
51720,0.37287292757753254
51730,0.5053785904105464
51735,0.4584177352227137
51740,0.5151735585877307
51750,0.6384668835156628
51760,0.5559974260295195
51770,0.5080538486494977
51775,0.4682380096626159
51790,0.46959051665073803
51800,0.47023484779631974
51810,0.5372347154091609
51820,0.5119158924118805
51830,0.5512204197424437
51840,0.4805833189130009
53001,0.49253431601984743
53003,0.473260293503406
53005,0.49097476421719843
53007,0.45660448283456345
53009,0.4817132001743307
53011,0.49625918269800107
53013,0.42614661510622653
53015,0.4744995964493471
53017,0.4468382778335295
53019,0.33397964272083963
53021,0.47458736532943036
53023,0.43662704706579064
53025,0.4834046396109959
53027,0.4474641232064072
53029,0.5063247708560975
53031,0.4812582934271663
53033,0.5585836356868854
53035,0.5141819163009478
53037,0.5846175946198676
53039,0.45515276031780805
53041,0.434225349683914
53043,0.4320161496904711
53045,0.4513177667863203
53047,0.4437929838881017
53049,0.44440077539181055
53051,0.3976869921462605
53053,0.5104736534122432
53055,0.4989794076099767
53057,0.49405444566437146
53059,0.41388961034227223
53061,0.5000388662904394
53063,0.5179209474176807
53065,0.3999253839212314
53067,0.5157047614537711
53069,0.39942266619136957
53071,0.4780468528696736
53073,0.5299830612342076
53075,0.6461455197870143
53077,0.47275543279976046
54001,0.37631537260002623
54003,0.4865579086128124
54005,0.3819726218378758
54007,0.33370838443559125
54009,0.44024607412524713
54011,0.45052780622572486
54013,0.3224991918989073
54015,0.35875549579400645
54017,0.25340592047288885
54019,0.3785414031177544
54021,0.2922917954964671
54023,0.360234476684898
54025,0.4409371986841292
54027,0.31705116545493045
54029,0.47707500613200726
54031,0.4441406405298196
54033,0.4347845359395445
54035,0.3988567964863334
54037,0.4553939319998145
54039,0.47167904574211095
54041,0.3858694670237115
54043,0.40131537388905975
54045,0.42344189644526953
54047,0.31155022822504685
54049,0.49476338907017137
54051,0.3852607451732254
54053,0.3952204758623961
54055,0.43180357047974294
54057,0.43273458112507923
54059,0.38958721897245335
54061,0.5935400126263383
54063,0.32868979923831115
54065,0.4042594038273214
54067,0.40821335607839454
54069,0.44677667493861506
54071,0.2717412521156626
54073,0.4029789281687626
54075,0.29037541200450934
54077,0.38444837248973884
54079,0.4317588469720347
54081,0.39979237841343224
54083,0.34696984595126024
54085,0.3387941486404872
54087,0.33722591002884295
54089,0.3397166209766106
54091,0.4171255372937456
54093,0.3689475819240255
54095,0.31835191947019453
54097,0.4308351520219781
54099,0.345395183343042
54101,0.3071297050862696
54103,0.3506127690729114
54105,0.376544454582213
54107,0.4571405864912596
54109,0.33722885098182187
55001,0.38266629159385546
55003,0.4359286273157468
55005,0.4181767303987249
55007,0.47396852152180174
55009,0.5238635947931882
55011,0.449387658717489
55013,0.4066104501854649
55015,0.4872780349737269
55017,0.4732072720968968
55019,0.41244422694940935
55021,0.46991153042611117
55023,0.40062988528572163
55025,0.5891556925742942
55027,0.46173929811227615
55029,0.46623752926108336
55031,0.48949464375345203
55033,0.5036088807029373
55035,0.5446832205557341
55037,0.42866792158541883
55039,0.4747556051939129
55041,0.4010994412644218
55043,0.4685791339528398
55045,0.46331680555385124
55047,0.4378847749509174
55049,0.47051832761977375
55051,0.44465709878409826
55053,0.42645408051955797
55055,0.4752894260906259
55057,0.40503703628250587
55059,0.5023463715681977
55061,0.42952438050591535
55063,0.5375137244364345
55065,0.4245970979089451
55067,0.4389335525952748
55069,0.4330236145589242
55071,0.47807904413018887
55073,0.493262432851031
55075,0.44608229043460285
55077,0.4381802140639417
55078,0.42874314396675806
55079,0.5296417468878487
55081,0.4489718445364551
55083,0.4520719878979856
55085,0.431399310186498
55087,0.5235485313251951
55089,0.49402072956268506
55091,0.43699945703485843
55093,0.4879161733747282
55095,0.4321792344905393
55097,0.5407623442266968
55099,0.4439384081182306
55101,0.4981797070911419
55103,0.3969270519332628
55105,0.49371717536732734
55107,0.4166940625822506
55109,0.4841335435412507
55111,0.48868083781402016
55113,0.42507458973963347
55115,0.42837328344891396
55117,0.5073014165522312
55119,0.3964412179385282
55121,0.4630435518223148
55123,0.40697789418209934
55125,0.4465215880181697
55127,0.4765911522741406
55129,0.4108494561977167
55131,0.49839556362512444
55133,0.5032636788215022
55135,0.4684747091216676
55137,0.3978611099627293
55139,0.5349779335628044
55141,0.4919457188147236
56001,0.6786348722328195
56003,0.41737529168949916
56005,0.5200412636350324
56007,0.49047814452776783
56009,0.47369627894476574
56011,0.4279623612818459
56013,0.4368351946927596
56015,0.40492249990769674
56017,0.486394479113472
56019,0.5043365425398871
56021,0.5360171421984712
56023,0.4776045455711152
56025,0.5333286419879363
56027,0.388168986468281
56029,0.49226296295986505
56031,0.4035564940451057
56033,0.48546920757143763
56035,0.47444876714939505
56037,0.4890202918281639
56039,0.5255376106594414
56041,0.5125209629619766
56043,0.5023174031265576
56045,0.4306520724925883
72001,0.26887595226915506
72003,0.15307303382966223
72005,0.37877229168859733
72007,0.3589642914738408
72009,0.3006731541951556
72011,0.17727602463480793
72013,0.31597751835777277
72015,0.37571573770829547
72017,0.28232682278197896
72019,0.30482529178712015
72021,0.376064526393598
72023,0.19971867270750715
72025,0.39315037068140746
72027,0.3112506850979127
72029,0.38726072203060063
72031,0.42150418778111615
72033,0.2485968404384553
72035,0.38403009038009883
72037,0.3375005736297261
72039,0.2911355336067756
72041,0.3163566501062459
72043,0.33054972207802014
72045,0.15806117309257892
72047,0.2651109097427472
72049,0.3960623648472785
72051,0.2483068253971804
72053,0.39528142291437396
72054,0.33650788211792804
72055,0.16058019392389405
72057,0.3584403122830547
72059,0.3431952575815251
72061,0.34882041851096757
72063,0.40985537870139194
72065,0.3208293812233915
72067,0.3538607196624628
72069,0.3224696312471532
72071,0.13489541711023917
72073,0.2656759787238813
72075,0.35340652296456204
72077,0.3941571558595942
72079,0.14613746550997958
72081,0.2793348529042691
72083,0.1447517911615307
72085,0.3696171041423848
72087,0.3924532543837303
72089,0.38442455547375887
72091,0.222955448450033
72093,0.1251436845081495
72095,0.3262924029526487
72097,0.380407784981466
72099,0.3504175062938074
72101,0.3501395082035612
72103,0.3794757706876854
72105,0.1803276629422747
72107,0.2647236599876708
72109,0.3171906525115826
72111,0.3390126132666509
72113,0.3488429565189183
72115,0.33120721427478483
72117,0.18864674934261041
72119,0.33569316776959657
72121,0.16070813843617887
72123,0.34118955489628167
72125,0.15534757030163757
72127,0.3339657668488426
72129,0.3165959320515164
72131,0.2066417098229306
72133,0.3773703031825781
72135,0.2469747240878168
72137,0.32477712982313867
72139,0.3948875349550217
72141,0.2430435529368167
72143,0.3229776187645053
72145,0.23425114765529143
72147,0.2650557168247926
72149,0.3536170854001127
72151,0.3343500225605333
72153,0.20269146653375153
